shadow_decision_id,setup_id,symbol,market_group,timeframe,setup_type,strategy,direction,setup_status,timing_state,setup_quality_score,automation_scope,min_auto_quality,shadow_state,shadow_reason,hypothetical_entry_time,hypothetical_entry_price,hypothetical_sl,hypothetical_tp1,hypothetical_tp2,would_open_position,would_modify_position,order_sent,can_send_order,source_artifacts,is_shadow_only,is_signal,can_execute_order
5bb1c92e99d96f2d,trading_center_screener_unified_v1|USDSEK.r|M15|rsi_trend_reversal|M15,USDSEK.r,Forex Exotic,M15,rsi_trend_reversal,rsi_trend_reversal,long,ready_for_chart_review,entry_review,4,context_only,4,would_skip_context_only,setup_type_not_in_automatic_bot_scope,,,,,,False,False,False,False,artifacts\tfg\trading_center_latest\market_radar\market_radar.csv|artifacts\tfg\trading_center_latest\ohlc\ohlc_mtf.csv,True,False,False
92aec6f054660918,trading_center_screener_unified_v1|EURO50|H1|fib_limit_live_candidate|H1,EURO50,Index,H1,fib_limit_live_candidate,fib_limit,short,ready_for_chart_review,entry_review,3,below_min_quality,4,would_skip_context_only,setup_quality_below_min_auto_quality_4,,,,,,False,False,False,False,artifacts\tfg\trading_center_latest\market_radar\market_radar.csv|artifacts\tfg\trading_center_latest\ohlc\ohlc_mtf.csv|artifacts\tfg\trading_center_latest\weavecount\weavecount_screener.csv|artifacts\tfg\trading_center_latest\macd_breakout_watcher\snapshot.csv|artifacts\tfg\trading_center_latest\macd_breakout_enrichment\macd_breakout_enriched_setups.csv|artifacts\tfg\trading_center_latest\macd_breakout_enrichment\macd_breakout_chart_layers.csv|artifacts\tfg\trading_center_latest\fibonacci_context\fibonacci_context.csv|artifacts\tfg\trading_center_latest\fibonacci_context\fibonacci_context.csv,True,False,False
f1bfff623923a390,trading_center_screener_unified_v1|FRA40|H1|fib_limit_live_candidate|H1,FRA40,Index,H1,fib_limit_live_candidate,fib_limit,short,ready_for_chart_review,entry_review,3,below_min_quality,4,would_skip_context_only,setup_quality_below_min_auto_quality_4,,,,,,False,False,False,False,artifacts\tfg\trading_center_latest\market_radar\market_radar.csv|artifacts\tfg\trading_center_latest\ohlc\ohlc_mtf.csv|artifacts\tfg\trading_center_latest\weavecount\weavecount_screener.csv|artifacts\tfg\trading_center_latest\macd_breakout_watcher\snapshot.csv|artifacts\tfg\trading_center_latest\macd_breakout_enrichment\macd_breakout_enriched_setups.csv|artifacts\tfg\trading_center_latest\macd_breakout_enrichment\macd_breakout_chart_layers.csv|artifacts\tfg\trading_center_latest\fibonacci_context\fibonacci_context.csv|artifacts\tfg\trading_center_latest\fibonacci_context\fibonacci_context.csv,True,False,False
b9d306c599e63d32,trading_center_screener_unified_v1|US30|H1|fib_limit_live_candidate|H1,US30,Index,H1,fib_limit_live_candidate,fib_limit,long,ready_for_chart_review,entry_review,3,below_min_quality,4,would_skip_context_only,setup_quality_below_min_auto_quality_4,,,,,,False,False,False,False,artifacts\tfg\trading_center_latest\market_radar\market_radar.csv|artifacts\tfg\trading_center_latest\ohlc\ohlc_mtf.csv|artifacts\tfg\trading_center_latest\weavecount\weavecount_screener.csv|artifacts\tfg\trading_center_latest\macd_breakout_watcher\snapshot.csv|artifacts\tfg\trading_center_latest\macd_breakout_enrichment\macd_breakout_enriched_setups.csv|artifacts\tfg\trading_center_latest\macd_breakout_enrichment\macd_breakout_chart_layers.csv|artifacts\tfg\trading_center_latest\fibonacci_context\fibonacci_context.csv|artifacts\tfg\trading_center_latest\fibonacci_context\fibonacci_context.csv,True,False,False
aee4365e95d9717d,trading_center_screener_unified_v1|NZDCAD.r|H1|fib_limit_live_candidate|H1,NZDCAD.r,Forex Majors,H1,fib_limit_live_candidate,fib_limit,short,ready_for_chart_review,entry_review,2,below_min_quality,4,would_skip_context_only,setup_quality_below_min_auto_quality_4,,,,,,False,False,False,False,artifacts\tfg\trading_center_latest\market_radar\market_radar.csv|artifacts\tfg\trading_center_latest\ohlc\ohlc_mtf.csv|artifacts\tfg\trading_center_latest\weavecount\weavecount_screener.csv|artifacts\tfg\trading_center_latest\macd_breakout_watcher\snapshot.csv|artifacts\tfg\trading_center_latest\macd_breakout_enrichment\macd_breakout_enriched_setups.csv|artifacts\tfg\trading_center_latest\macd_breakout_enrichment\macd_breakout_chart_layers.csv|artifacts\tfg\trading_center_latest\fibonacci_context\fibonacci_context.csv|artifacts\tfg\trading_center_latest\fibonacci_context\fibonacci_context.csv,True,False,False
258fcbd4ad33f6b7,trading_center_screener_unified_v1|GBPCAD.r|H4|macd_breakout|142,GBPCAD.r,Forex Majors,H4,macd_breakout,macd_breakout,long,context_monitor,watching,3,below_min_quality,4,would_skip_context_only,setup_quality_below_min_auto_quality_4,,,1.85145,1.8818200000000005,1.9022016400000004,False,False,False,False,artifacts\tfg\trading_center_latest\market_radar\market_radar.csv|artifacts\tfg\trading_center_latest\ohlc\ohlc_mtf.csv|artifacts\tfg\trading_center_latest\weavecount\weavecount_screener.csv|artifacts\tfg\trading_center_latest\macd_breakout_watcher\snapshot.csv|artifacts\tfg\trading_center_latest\macd_breakout_enrichment\macd_breakout_enriched_setups.csv|artifacts\tfg\trading_center_latest\macd_breakout_enrichment\macd_breakout_chart_layers.csv|artifacts\tfg\trading_center_latest\fibonacci_context\fibonacci_context.csv,True,False,False
e5cc525fea25fb31,trading_center_screener_unified_v1|USDCHF.r|H1|macd_breakout|607,USDCHF.r,Forex Majors,H1,macd_breakout,macd_breakout,long,context_monitor,watching,3,below_min_quality,4,would_skip_context_only,setup_quality_below_min_auto_quality_4,,,0.7931,0.80183,0.8075835800000001,False,False,False,False,artifacts\tfg\trading_center_latest\market_radar\market_radar.csv|artifacts\tfg\trading_center_latest\ohlc\ohlc_mtf.csv|artifacts\tfg\trading_center_latest\weavecount\weavecount_screener.csv|artifacts\tfg\trading_center_latest\macd_breakout_watcher\snapshot.csv|artifacts\tfg\trading_center_latest\macd_breakout_enrichment\macd_breakout_enriched_setups.csv|artifacts\tfg\trading_center_latest\macd_breakout_enrichment\macd_breakout_chart_layers.csv|artifacts\tfg\trading_center_latest\fibonacci_context\fibonacci_context.csv,True,False,False
576e9db6d33097ba,trading_center_screener_unified_v1|HK50|H1|macd_breakout|675,HK50,Index,H1,macd_breakout,macd_breakout,long,context_monitor,watching,2,below_min_quality,4,would_skip_context_only,setup_quality_below_min_auto_quality_4,,,24464.75,24804.5,25023.7355,False,False,False,False,artifacts\tfg\trading_center_latest\market_radar\market_radar.csv|artifacts\tfg\trading_center_latest\ohlc\ohlc_mtf.csv|artifacts\tfg\trading_center_latest\weavecount\weavecount_screener.csv|artifacts\tfg\trading_center_latest\macd_breakout_watcher\snapshot.csv|artifacts\tfg\trading_center_latest\macd_breakout_enrichment\macd_breakout_enriched_setups.csv|artifacts\tfg\trading_center_latest\macd_breakout_enrichment\macd_breakout_chart_layers.csv|artifacts\tfg\trading_center_latest\fibonacci_context\fibonacci_context.csv,True,False,False
18b71e08a155fdee,trading_center_screener_unified_v1|XPDUSD|H1|macd_breakout|1736,XPDUSD,Metals,H1,macd_breakout,macd_breakout,short,context_monitor,watching,2,below_min_quality,4,would_skip_context_only,setup_quality_below_min_auto_quality_4,,,1237.0,1135.07,1068.04172,False,False,False,False,artifacts\tfg\trading_center_latest\market_radar\market_radar.csv|artifacts\tfg\trading_center_latest\ohlc\ohlc_mtf.csv|artifacts\tfg\trading_center_latest\weavecount\weavecount_screener.csv|artifacts\tfg\trading_center_latest\macd_breakout_watcher\snapshot.csv|artifacts\tfg\trading_center_latest\macd_breakout_enrichment\macd_breakout_enriched_setups.csv|artifacts\tfg\trading_center_latest\macd_breakout_enrichment\macd_breakout_chart_layers.csv|artifacts\tfg\trading_center_latest\fibonacci_context\fibonacci_context.csv,True,False,False
799908a36514ed9d,trading_center_screener_unified_v1|XPDUSD|H4|macd_breakout|1078,XPDUSD,Metals,H4,macd_breakout,macd_breakout,short,context_monitor,watching,2,below_min_quality,4,would_skip_context_only,setup_quality_below_min_auto_quality_4,,,1237.0,1138.52,1073.62382,False,False,False,False,artifacts\tfg\trading_center_latest\market_radar\market_radar.csv|artifacts\tfg\trading_center_latest\ohlc\ohlc_mtf.csv|artifacts\tfg\trading_center_latest\weavecount\weavecount_screener.csv|artifacts\tfg\trading_center_latest\macd_breakout_watcher\snapshot.csv|artifacts\tfg\trading_center_latest\macd_breakout_enrichment\macd_breakout_enriched_setups.csv|artifacts\tfg\trading_center_latest\macd_breakout_enrichment\macd_breakout_chart_layers.csv|artifacts\tfg\trading_center_latest\fibonacci_context\fibonacci_context.csv,True,False,False
890584036f54b638,trading_center_screener_unified_v1|NZDUSD.r|M15|rsi_trend_reversal|M15,NZDUSD.r,Forex Majors,M15,rsi_trend_reversal,rsi_trend_reversal,short,context_monitor,watching,3,context_only,4,would_skip_context_only,setup_type_not_in_automatic_bot_scope,,,,,,False,False,False,False,artifacts\tfg\trading_center_latest\market_radar\market_radar.csv|artifacts\tfg\trading_center_latest\ohlc\ohlc_mtf.csv|artifacts\tfg\trading_center_latest\weavecount\weavecount_screener.csv|artifacts\tfg\trading_center_latest\macd_breakout_watcher\snapshot.csv|artifacts\tfg\trading_center_latest\macd_breakout_enrichment\macd_breakout_enriched_setups.csv|artifacts\tfg\trading_center_latest\macd_breakout_enrichment\macd_breakout_chart_layers.csv|artifacts\tfg\trading_center_latest\fibonacci_context\fibonacci_context.csv,True,False,False
d7140e63c0a708c8,trading_center_screener_unified_v1|USDSGD.r|M15|rsi_trend_reversal|M15,USDSGD.r,Forex Exotic,M15,rsi_trend_reversal,rsi_trend_reversal,long,context_monitor,watching,3,context_only,4,would_skip_context_only,setup_type_not_in_automatic_bot_scope,,,,,,False,False,False,False,artifacts\tfg\trading_center_latest\market_radar\market_radar.csv|artifacts\tfg\trading_center_latest\ohlc\ohlc_mtf.csv,True,False,False
4f67c31a9ac978f5,trading_center_screener_unified_v1|CADJPY.r|H1|macd_breakout|595,CADJPY.r,Forex Majors,H1,macd_breakout,macd_breakout,short,late_context,late,2,below_min_quality,4,would_skip_context_only,setup_quality_below_min_auto_quality_4,,,115.657,114.882,114.394398,False,False,False,False,artifacts\tfg\trading_center_latest\market_radar\market_radar.csv|artifacts\tfg\trading_center_latest\ohlc\ohlc_mtf.csv|artifacts\tfg\trading_center_latest\weavecount\weavecount_screener.csv|artifacts\tfg\trading_center_latest\macd_breakout_watcher\snapshot.csv|artifacts\tfg\trading_center_latest\macd_breakout_enrichment\macd_breakout_enriched_setups.csv|artifacts\tfg\trading_center_latest\macd_breakout_enrichment\macd_breakout_chart_layers.csv|artifacts\tfg\trading_center_latest\fibonacci_context\fibonacci_context.csv,True,False,False
a19cbf97dbf3e2b2,trading_center_screener_unified_v1|CADJPY.r|H4|macd_breakout|172,CADJPY.r,Forex Majors,H4,macd_breakout,macd_breakout,short,late_context,late,2,below_min_quality,4,would_skip_context_only,setup_quality_below_min_auto_quality_4,,,115.725,114.266,113.334674,False,False,False,False,artifacts\tfg\trading_center_latest\market_radar\market_radar.csv|artifacts\tfg\trading_center_latest\ohlc\ohlc_mtf.csv|artifacts\tfg\trading_center_latest\weavecount\weavecount_screener.csv|artifacts\tfg\trading_center_latest\macd_breakout_watcher\snapshot.csv|artifacts\tfg\trading_center_latest\macd_breakout_enrichment\macd_breakout_enriched_setups.csv|artifacts\tfg\trading_center_latest\macd_breakout_enrichment\macd_breakout_chart_layers.csv|artifacts\tfg\trading_center_latest\fibonacci_context\fibonacci_context.csv,True,False,False
f6d7002139f27a5a,trading_center_screener_unified_v1|EURGBP.r|H1|macd_breakout|349,EURGBP.r,Forex Majors,H1,macd_breakout,macd_breakout,short,late_context,late,2,below_min_quality,4,would_skip_context_only,setup_quality_below_min_auto_quality_4,,,0.86773,0.85705,0.8501902,False,False,False,False,artifacts\tfg\trading_center_latest\market_radar\market_radar.csv|artifacts\tfg\trading_center_latest\ohlc\ohlc_mtf.csv|artifacts\tfg\trading_center_latest\weavecount\weavecount_screener.csv|artifacts\tfg\trading_center_latest\macd_breakout_watcher\snapshot.csv|artifacts\tfg\trading_center_latest\macd_breakout_enrichment\macd_breakout_enriched_setups.csv|artifacts\tfg\trading_center_latest\macd_breakout_enrichment\macd_breakout_chart_layers.csv|artifacts\tfg\trading_center_latest\fibonacci_context\fibonacci_context.csv,True,False,False
9e40d40fc2086176,trading_center_screener_unified_v1|EURGBP.r|H4|macd_breakout|133,EURGBP.r,Forex Majors,H4,macd_breakout,macd_breakout,short,late_context,late,2,below_min_quality,4,would_skip_context_only,setup_quality_below_min_auto_quality_4,,,0.86709,0.85733,0.85064324,False,False,False,False,artifacts\tfg\trading_center_latest\market_radar\market_radar.csv|artifacts\tfg\trading_center_latest\ohlc\ohlc_mtf.csv|artifacts\tfg\trading_center_latest\weavecount\weavecount_screener.csv|artifacts\tfg\trading_center_latest\macd_breakout_watcher\snapshot.csv|artifacts\tfg\trading_center_latest\macd_breakout_enrichment\macd_breakout_enriched_setups.csv|artifacts\tfg\trading_center_latest\macd_breakout_enrichment\macd_breakout_chart_layers.csv|artifacts\tfg\trading_center_latest\fibonacci_context\fibonacci_context.csv,True,False,False
dfbbd39a22863338,trading_center_screener_unified_v1|EURUSD.r|H1|macd_breakout|1690,EURUSD.r,Forex Majors,H1,macd_breakout,macd_breakout,short,late_context,late,2,below_min_quality,4,would_skip_context_only,setup_quality_below_min_auto_quality_4,,,1.16418,1.1563800000000002,1.1513618400000003,False,False,False,False,artifacts\tfg\trading_center_latest\market_radar\market_radar.csv|artifacts\tfg\trading_center_latest\ohlc\ohlc_mtf.csv|artifacts\tfg\trading_center_latest\weavecount\weavecount_screener.csv|artifacts\tfg\trading_center_latest\macd_breakout_watcher\snapshot.csv|artifacts\tfg\trading_center_latest\macd_breakout_enrichment\macd_breakout_enriched_setups.csv|artifacts\tfg\trading_center_latest\macd_breakout_enrichment\macd_breakout_chart_layers.csv|artifacts\tfg\trading_center_latest\fibonacci_context\fibonacci_context.csv,True,False,False
8f7db6a1e33ecf72,trading_center_screener_unified_v1|GBPCAD.r|H1|macd_breakout|465,GBPCAD.r,Forex Majors,H1,macd_breakout,macd_breakout,long,late_context,late,2,below_min_quality,4,would_skip_context_only,setup_quality_below_min_auto_quality_4,,,1.85531,1.8720600000000005,1.8832643400000004,False,False,False,False,artifacts\tfg\trading_center_latest\market_radar\market_radar.csv|artifacts\tfg\trading_center_latest\ohlc\ohlc_mtf.csv|artifacts\tfg\trading_center_latest\weavecount\weavecount_screener.csv|artifacts\tfg\trading_center_latest\macd_breakout_watcher\snapshot.csv|artifacts\tfg\trading_center_latest\macd_breakout_enrichment\macd_breakout_enriched_setups.csv|artifacts\tfg\trading_center_latest\macd_breakout_enrichment\macd_breakout_chart_layers.csv|artifacts\tfg\trading_center_latest\fibonacci_context\fibonacci_context.csv,True,False,False
194117a672646a17,trading_center_screener_unified_v1|GBPUSD.r|H4|macd_breakout|168,GBPUSD.r,Forex Majors,H4,macd_breakout,macd_breakout,short,late_context,late,2,below_min_quality,4,would_skip_context_only,setup_quality_below_min_auto_quality_4,,,1.34717,1.33585,1.3280323,False,False,False,False,artifacts\tfg\trading_center_latest\market_radar\market_radar.csv|artifacts\tfg\trading_center_latest\ohlc\ohlc_mtf.csv|artifacts\tfg\trading_center_latest\weavecount\weavecount_screener.csv|artifacts\tfg\trading_center_latest\macd_breakout_watcher\snapshot.csv|artifacts\tfg\trading_center_latest\macd_breakout_enrichment\macd_breakout_enriched_setups.csv|artifacts\tfg\trading_center_latest\macd_breakout_enrichment\macd_breakout_chart_layers.csv|artifacts\tfg\trading_center_latest\fibonacci_context\fibonacci_context.csv,True,False,False
d980d62fa2527791,trading_center_screener_unified_v1|USDCAD.r|H1|macd_breakout|423,USDCAD.r,Forex Majors,H1,macd_breakout,macd_breakout,long,late_context,late,2,below_min_quality,4,would_skip_context_only,setup_quality_below_min_auto_quality_4,,,1.37761,1.40551,1.42440226,False,False,False,False,artifacts\tfg\trading_center_latest\market_radar\market_radar.csv|artifacts\tfg\trading_center_latest\ohlc\ohlc_mtf.csv|artifacts\tfg\trading_center_latest\weavecount\weavecount_screener.csv|artifacts\tfg\trading_center_latest\macd_breakout_watcher\snapshot.csv|artifacts\tfg\trading_center_latest\macd_breakout_enrichment\macd_breakout_enriched_setups.csv|artifacts\tfg\trading_center_latest\macd_breakout_enrichment\macd_breakout_chart_layers.csv|artifacts\tfg\trading_center_latest\fibonacci_context\fibonacci_context.csv,True,False,False
34615b241bc65d01,trading_center_screener_unified_v1|USDCAD.r|H4|macd_breakout|141,USDCAD.r,Forex Majors,H4,macd_breakout,macd_breakout,long,late_context,late,2,below_min_quality,4,would_skip_context_only,setup_quality_below_min_auto_quality_4,,,1.37795,1.40471,1.4231078600000002,False,False,False,False,artifacts\tfg\trading_center_latest\market_radar\market_radar.csv|artifacts\tfg\trading_center_latest\ohlc\ohlc_mtf.csv|artifacts\tfg\trading_center_latest\weavecount\weavecount_screener.csv|artifacts\tfg\trading_center_latest\macd_breakout_watcher\snapshot.csv|artifacts\tfg\trading_center_latest\macd_breakout_enrichment\macd_breakout_enriched_setups.csv|artifacts\tfg\trading_center_latest\macd_breakout_enrichment\macd_breakout_chart_layers.csv|artifacts\tfg\trading_center_latest\fibonacci_context\fibonacci_context.csv,True,False,False
81ebb3205ce90e3c,trading_center_screener_unified_v1|XAUEUR.r|H4|macd_breakout|199,XAUEUR.r,Metals,H4,macd_breakout,macd_breakout,short,late_context,late,2,below_min_quality,4,would_skip_context_only,setup_quality_below_min_auto_quality_4,,,3870.42,3790.12,3735.012940000001,False,False,False,False,artifacts\tfg\trading_center_latest\market_radar\market_radar.csv|artifacts\tfg\trading_center_latest\ohlc\ohlc_mtf.csv|artifacts\tfg\trading_center_latest\weavecount\weavecount_screener.csv|artifacts\tfg\trading_center_latest\macd_breakout_watcher\snapshot.csv|artifacts\tfg\trading_center_latest\macd_breakout_enrichment\macd_breakout_enriched_setups.csv|artifacts\tfg\trading_center_latest\macd_breakout_enrichment\macd_breakout_chart_layers.csv|artifacts\tfg\trading_center_latest\fibonacci_context\fibonacci_context.csv,True,False,False
b28e7e9175d5301d,trading_center_screener_unified_v1|CHFJPY.r|H1|macd_breakout|572,CHFJPY.r,Forex Majors,H1,macd_breakout,macd_breakout,short,late_context,late,2,below_min_quality,4,would_skip_context_only,setup_quality_below_min_auto_quality_4,,,203.034,201.431,200.381636,False,False,False,False,artifacts\tfg\trading_center_latest\market_radar\market_radar.csv|artifacts\tfg\trading_center_latest\ohlc\ohlc_mtf.csv|artifacts\tfg\trading_center_latest\weavecount\weavecount_screener.csv|artifacts\tfg\trading_center_latest\macd_breakout_watcher\snapshot.csv|artifacts\tfg\trading_center_latest\macd_breakout_enrichment\macd_breakout_enriched_setups.csv|artifacts\tfg\trading_center_latest\macd_breakout_enrichment\macd_breakout_chart_layers.csv|artifacts\tfg\trading_center_latest\fibonacci_context\fibonacci_context.csv,True,False,False
2a26e8ec1bd38efc,trading_center_screener_unified_v1|EURAUD.r|H4|macd_breakout|668,EURAUD.r,Forex Majors,H4,macd_breakout,macd_breakout,long,late_context,late,2,below_min_quality,4,would_skip_context_only,setup_quality_below_min_auto_quality_4,,,1.6193499999999998,1.6408199999999995,1.6550525399999996,False,False,False,False,artifacts\tfg\trading_center_latest\market_radar\market_radar.csv|artifacts\tfg\trading_center_latest\ohlc\ohlc_mtf.csv|artifacts\tfg\trading_center_latest\weavecount\weavecount_screener.csv|artifacts\tfg\trading_center_latest\macd_breakout_watcher\snapshot.csv|artifacts\tfg\trading_center_latest\macd_breakout_enrichment\macd_breakout_enriched_setups.csv|artifacts\tfg\trading_center_latest\macd_breakout_enrichment\macd_breakout_chart_layers.csv|artifacts\tfg\trading_center_latest\fibonacci_context\fibonacci_context.csv,True,False,False
51992f04ab7900ba,trading_center_screener_unified_v1|GBPAUD.r|H1|macd_breakout|547,GBPAUD.r,Forex Majors,H1,macd_breakout,macd_breakout,long,late_context,late,2,below_min_quality,4,would_skip_context_only,setup_quality_below_min_auto_quality_4,,,1.87354,1.8854,1.8930323,False,False,False,False,artifacts\tfg\trading_center_latest\market_radar\market_radar.csv|artifacts\tfg\trading_center_latest\ohlc\ohlc_mtf.csv|artifacts\tfg\trading_center_latest\weavecount\weavecount_screener.csv|artifacts\tfg\trading_center_latest\macd_breakout_watcher\snapshot.csv|artifacts\tfg\trading_center_latest\macd_breakout_enrichment\macd_breakout_enriched_setups.csv|artifacts\tfg\trading_center_latest\macd_breakout_enrichment\macd_breakout_chart_layers.csv|artifacts\tfg\trading_center_latest\fibonacci_context\fibonacci_context.csv,True,False,False
b0ac44290e46ddd3,trading_center_screener_unified_v1|GBPAUD.r|H4|macd_breakout|140,GBPAUD.r,Forex Majors,H4,macd_breakout,macd_breakout,long,late_context,late,2,below_min_quality,4,would_skip_context_only,setup_quality_below_min_auto_quality_4,,,1.86915,1.9012,1.9210069,False,False,False,False,artifacts\tfg\trading_center_latest\market_radar\market_radar.csv|artifacts\tfg\trading_center_latest\ohlc\ohlc_mtf.csv|artifacts\tfg\trading_center_latest\weavecount\weavecount_screener.csv|artifacts\tfg\trading_center_latest\macd_breakout_watcher\snapshot.csv|artifacts\tfg\trading_center_latest\macd_breakout_enrichment\macd_breakout_enriched_setups.csv|artifacts\tfg\trading_center_latest\macd_breakout_enrichment\macd_breakout_chart_layers.csv|artifacts\tfg\trading_center_latest\fibonacci_context\fibonacci_context.csv,True,False,False
534a5edfd0d21032,trading_center_screener_unified_v1|XAGEUR.r|H4|macd_breakout|371,XAGEUR.r,Metals,H4,macd_breakout,macd_breakout,short,late_context,late,2,below_min_quality,4,would_skip_context_only,setup_quality_below_min_auto_quality_4,,,64.042,61.54800000000001,59.73046200000001,False,False,False,False,artifacts\tfg\trading_center_latest\market_radar\market_radar.csv|artifacts\tfg\trading_center_latest\ohlc\ohlc_mtf.csv|artifacts\tfg\trading_center_latest\weavecount\weavecount_screener.csv|artifacts\tfg\trading_center_latest\macd_breakout_watcher\snapshot.csv|artifacts\tfg\trading_center_latest\macd_breakout_enrichment\macd_breakout_enriched_setups.csv|artifacts\tfg\trading_center_latest\macd_breakout_enrichment\macd_breakout_chart_layers.csv|artifacts\tfg\trading_center_latest\fibonacci_context\fibonacci_context.csv,True,False,False
fd34800ce6b1d5f5,trading_center_screener_unified_v1|XAGUSD.r|H4|macd_breakout|537,XAGUSD.r,Metals,H4,macd_breakout,macd_breakout,short,late_context,late,2,below_min_quality,4,would_skip_context_only,setup_quality_below_min_auto_quality_4,,,74.525,71.33500000000001,69.04160200000001,False,False,False,False,artifacts\tfg\trading_center_latest\market_radar\market_radar.csv|artifacts\tfg\trading_center_latest\ohlc\ohlc_mtf.csv|artifacts\tfg\trading_center_latest\weavecount\weavecount_screener.csv|artifacts\tfg\trading_center_latest\macd_breakout_watcher\snapshot.csv|artifacts\tfg\trading_center_latest\macd_breakout_enrichment\macd_breakout_enriched_setups.csv|artifacts\tfg\trading_center_latest\macd_breakout_enrichment\macd_breakout_chart_layers.csv|artifacts\tfg\trading_center_latest\fibonacci_context\fibonacci_context.csv,True,False,False
4c7138d28aeb4bf7,trading_center_screener_unified_v1|XAUUSD.r|H4|macd_breakout|242,XAUUSD.r,Metals,H4,macd_breakout,macd_breakout,short,late_context,late,2,below_min_quality,4,would_skip_context_only,setup_quality_below_min_auto_quality_4,,,4504.15,4383.17,4301.4704,False,False,False,False,artifacts\tfg\trading_center_latest\market_radar\market_radar.csv|artifacts\tfg\trading_center_latest\ohlc\ohlc_mtf.csv|artifacts\tfg\trading_center_latest\weavecount\weavecount_screener.csv|artifacts\tfg\trading_center_latest\macd_breakout_watcher\snapshot.csv|artifacts\tfg\trading_center_latest\macd_breakout_enrichment\macd_breakout_enriched_setups.csv|artifacts\tfg\trading_center_latest\macd_breakout_enrichment\macd_breakout_chart_layers.csv|artifacts\tfg\trading_center_latest\fibonacci_context\fibonacci_context.csv,True,False,False
b9de406af45bea85,trading_center_screener_unified_v1|AUDNZD.r|H1|macd_breakout|299,AUDNZD.r,Forex Majors,H1,macd_breakout,macd_breakout,short,context_incomplete,missing_context,2,below_min_quality,4,would_skip_context_only,setup_quality_below_min_auto_quality_4,,,1.22817,1.18722,1.16903844,False,False,False,False,artifacts\tfg\trading_center_latest\market_radar\market_radar.csv|artifacts\tfg\trading_center_latest\ohlc\ohlc_mtf.csv|artifacts\tfg\trading_center_latest\weavecount\weavecount_screener.csv|artifacts\tfg\trading_center_latest\macd_breakout_watcher\snapshot.csv|artifacts\tfg\trading_center_latest\macd_breakout_enrichment\macd_breakout_enriched_setups.csv|artifacts\tfg\trading_center_latest\macd_breakout_enrichment\macd_breakout_chart_layers.csv|artifacts\tfg\trading_center_latest\fibonacci_context\fibonacci_context.csv,True,False,False
2b59f9ad19852f47,trading_center_screener_unified_v1|AUDNZD.r|H4|macd_breakout|118,AUDNZD.r,Forex Majors,H4,macd_breakout,macd_breakout,short,context_incomplete,missing_context,2,below_min_quality,4,would_skip_context_only,setup_quality_below_min_auto_quality_4,,,1.22764,1.18775,1.1698959799999995,False,False,False,False,artifacts\tfg\trading_center_latest\market_radar\market_radar.csv|artifacts\tfg\trading_center_latest\ohlc\ohlc_mtf.csv|artifacts\tfg\trading_center_latest\weavecount\weavecount_screener.csv|artifacts\tfg\trading_center_latest\macd_breakout_watcher\snapshot.csv|artifacts\tfg\trading_center_latest\macd_breakout_enrichment\macd_breakout_enriched_setups.csv|artifacts\tfg\trading_center_latest\macd_breakout_enrichment\macd_breakout_chart_layers.csv|artifacts\tfg\trading_center_latest\fibonacci_context\fibonacci_context.csv,True,False,False
62bd10f71b06be4d,trading_center_screener_unified_v1|UK100|H4|macd_breakout|177,UK100,Index,H4,macd_breakout,macd_breakout,short,context_incomplete,missing_context,2,below_min_quality,4,would_skip_context_only,setup_quality_below_min_auto_quality_4,,,10415.7,10182.5,10031.5844,False,False,False,False,artifacts\tfg\trading_center_latest\market_radar\market_radar.csv|artifacts\tfg\trading_center_latest\ohlc\ohlc_mtf.csv|artifacts\tfg\trading_center_latest\weavecount\weavecount_screener.csv|artifacts\tfg\trading_center_latest\macd_breakout_watcher\snapshot.csv|artifacts\tfg\trading_center_latest\macd_breakout_enrichment\macd_breakout_enriched_setups.csv|artifacts\tfg\trading_center_latest\macd_breakout_enrichment\macd_breakout_chart_layers.csv|artifacts\tfg\trading_center_latest\fibonacci_context\fibonacci_context.csv,True,False,False
59b50944dade96b4,trading_center_screener_unified_v1|AUDCAD.r|H1|macd_breakout|560,AUDCAD.r,Forex Majors,H1,macd_breakout,macd_breakout,short,context_incomplete,missing_context,2,below_min_quality,4,would_skip_context_only,setup_quality_below_min_auto_quality_4,,,0.99488,0.96979,0.95982166,False,False,False,False,artifacts\tfg\trading_center_latest\market_radar\market_radar.csv|artifacts\tfg\trading_center_latest\ohlc\ohlc_mtf.csv|artifacts\tfg\trading_center_latest\weavecount\weavecount_screener.csv|artifacts\tfg\trading_center_latest\macd_breakout_watcher\snapshot.csv|artifacts\tfg\trading_center_latest\macd_breakout_enrichment\macd_breakout_enriched_setups.csv|artifacts\tfg\trading_center_latest\macd_breakout_enrichment\macd_breakout_chart_layers.csv|artifacts\tfg\trading_center_latest\fibonacci_context\fibonacci_context.csv,True,False,False
c83ef27f0ea2edc2,trading_center_screener_unified_v1|AUDCAD.r|H4|macd_breakout|160,AUDCAD.r,Forex Majors,H4,macd_breakout,macd_breakout,long,context_incomplete,missing_context,2,below_min_quality,4,would_skip_context_only,setup_quality_below_min_auto_quality_4,,,0.97566,0.99565,1.00703356,False,False,False,False,artifacts\tfg\trading_center_latest\market_radar\market_radar.csv|artifacts\tfg\trading_center_latest\ohlc\ohlc_mtf.csv|artifacts\tfg\trading_center_latest\weavecount\weavecount_screener.csv|artifacts\tfg\trading_center_latest\macd_breakout_watcher\snapshot.csv|artifacts\tfg\trading_center_latest\macd_breakout_enrichment\macd_breakout_enriched_setups.csv|artifacts\tfg\trading_center_latest\macd_breakout_enrichment\macd_breakout_chart_layers.csv|artifacts\tfg\trading_center_latest\fibonacci_context\fibonacci_context.csv,True,False,False
bca282f0da1a0efa,trading_center_screener_unified_v1|FRA40|H1|macd_breakout|602,FRA40,Index,H1,macd_breakout,macd_breakout,short,context_incomplete,missing_context,2,below_min_quality,4,would_skip_context_only,setup_quality_below_min_auto_quality_4,,,8287.5,8042.85,7928.4273,False,False,False,False,artifacts\tfg\trading_center_latest\market_radar\market_radar.csv|artifacts\tfg\trading_center_latest\ohlc\ohlc_mtf.csv|artifacts\tfg\trading_center_latest\weavecount\weavecount_screener.csv|artifacts\tfg\trading_center_latest\macd_breakout_watcher\snapshot.csv|artifacts\tfg\trading_center_latest\macd_breakout_enrichment\macd_breakout_enriched_setups.csv|artifacts\tfg\trading_center_latest\macd_breakout_enrichment\macd_breakout_chart_layers.csv|artifacts\tfg\trading_center_latest\fibonacci_context\fibonacci_context.csv,True,False,False
206ed0312b600601,trading_center_screener_unified_v1|GER40|H4|macd_breakout|159,GER40,Index,H4,macd_breakout,macd_breakout,long,context_incomplete,missing_context,2,below_min_quality,4,would_skip_context_only,setup_quality_below_min_auto_quality_4,,,24229.65,25510.35,26233.8426,False,False,False,False,artifacts\tfg\trading_center_latest\market_radar\market_radar.csv|artifacts\tfg\trading_center_latest\ohlc\ohlc_mtf.csv|artifacts\tfg\trading_center_latest\weavecount\weavecount_screener.csv|artifacts\tfg\trading_center_latest\macd_breakout_watcher\snapshot.csv|artifacts\tfg\trading_center_latest\macd_breakout_enrichment\macd_breakout_enriched_setups.csv|artifacts\tfg\trading_center_latest\macd_breakout_enrichment\macd_breakout_chart_layers.csv|artifacts\tfg\trading_center_latest\fibonacci_context\fibonacci_context.csv,True,False,False
b49a43bf68837846,trading_center_screener_unified_v1|US100|H1|macd_breakout|720,US100,Index,H1,macd_breakout,macd_breakout,short,context_incomplete,missing_context,2,below_min_quality,4,would_skip_context_only,setup_quality_below_min_auto_quality_4,,,30550.95,27709.45,26641.0825,False,False,False,False,artifacts\tfg\trading_center_latest\market_radar\market_radar.csv|artifacts\tfg\trading_center_latest\ohlc\ohlc_mtf.csv|artifacts\tfg\trading_center_latest\weavecount\weavecount_screener.csv|artifacts\tfg\trading_center_latest\macd_breakout_watcher\snapshot.csv|artifacts\tfg\trading_center_latest\macd_breakout_enrichment\macd_breakout_enriched_setups.csv|artifacts\tfg\trading_center_latest\macd_breakout_enrichment\macd_breakout_chart_layers.csv|artifacts\tfg\trading_center_latest\fibonacci_context\fibonacci_context.csv,True,False,False
66669e286b864d61,trading_center_screener_unified_v1|US500|H1|macd_breakout|716,US500,Index,H1,macd_breakout,macd_breakout,short,context_incomplete,missing_context,2,below_min_quality,4,would_skip_context_only,setup_quality_below_min_auto_quality_4,,,7604.15,7222.500000000001,7076.157600000001,False,False,False,False,artifacts\tfg\trading_center_latest\market_radar\market_radar.csv|artifacts\tfg\trading_center_latest\ohlc\ohlc_mtf.csv|artifacts\tfg\trading_center_latest\weavecount\weavecount_screener.csv|artifacts\tfg\trading_center_latest\macd_breakout_watcher\snapshot.csv|artifacts\tfg\trading_center_latest\macd_breakout_enrichment\macd_breakout_enriched_setups.csv|artifacts\tfg\trading_center_latest\macd_breakout_enrichment\macd_breakout_chart_layers.csv|artifacts\tfg\trading_center_latest\fibonacci_context\fibonacci_context.csv,True,False,False
526743ba83c8ae85,trading_center_screener_unified_v1|XAUEUR.r|H1|macd_breakout|625,XAUEUR.r,Metals,H1,macd_breakout,macd_breakout,short,context_incomplete,missing_context,2,below_min_quality,4,would_skip_context_only,setup_quality_below_min_auto_quality_4,,,3875.07,3710.83,3683.6071000000006,False,False,False,False,artifacts\tfg\trading_center_latest\market_radar\market_radar.csv|artifacts\tfg\trading_center_latest\ohlc\ohlc_mtf.csv|artifacts\tfg\trading_center_latest\weavecount\weavecount_screener.csv|artifacts\tfg\trading_center_latest\macd_breakout_watcher\snapshot.csv|artifacts\tfg\trading_center_latest\macd_breakout_enrichment\macd_breakout_enriched_setups.csv|artifacts\tfg\trading_center_latest\macd_breakout_enrichment\macd_breakout_chart_layers.csv|artifacts\tfg\trading_center_latest\fibonacci_context\fibonacci_context.csv,True,False,False
05c330dc32cd85fa,trading_center_screener_unified_v1|AUDJPY.r|H1|macd_breakout|637,AUDJPY.r,Forex Majors,H1,macd_breakout,macd_breakout,short,context_incomplete,missing_context,2,below_min_quality,4,would_skip_context_only,setup_quality_below_min_auto_quality_4,,,114.868,110.874,109.43467800000002,False,False,False,False,artifacts\tfg\trading_center_latest\market_radar\market_radar.csv|artifacts\tfg\trading_center_latest\ohlc\ohlc_mtf.csv|artifacts\tfg\trading_center_latest\weavecount\weavecount_screener.csv|artifacts\tfg\trading_center_latest\macd_breakout_watcher\snapshot.csv|artifacts\tfg\trading_center_latest\macd_breakout_enrichment\macd_breakout_enriched_setups.csv|artifacts\tfg\trading_center_latest\macd_breakout_enrichment\macd_breakout_chart_layers.csv|artifacts\tfg\trading_center_latest\fibonacci_context\fibonacci_context.csv,True,False,False
1b992dbc6c543265,trading_center_screener_unified_v1|AUDUSD.r|H1|macd_breakout|640,AUDUSD.r,Forex Majors,H1,macd_breakout,macd_breakout,short,context_incomplete,missing_context,2,below_min_quality,4,would_skip_context_only,setup_quality_below_min_auto_quality_4,,,0.71849,0.6918300000000001,0.6819481800000001,False,False,False,False,artifacts\tfg\trading_center_latest\market_radar\market_radar.csv|artifacts\tfg\trading_center_latest\ohlc\ohlc_mtf.csv|artifacts\tfg\trading_center_latest\weavecount\weavecount_screener.csv|artifacts\tfg\trading_center_latest\macd_breakout_watcher\snapshot.csv|artifacts\tfg\trading_center_latest\macd_breakout_enrichment\macd_breakout_enriched_setups.csv|artifacts\tfg\trading_center_latest\macd_breakout_enrichment\macd_breakout_chart_layers.csv|artifacts\tfg\trading_center_latest\fibonacci_context\fibonacci_context.csv,True,False,False
36fbc441959c8b99,trading_center_screener_unified_v1|CHFJPY.r|H4|macd_breakout|160,CHFJPY.r,Forex Majors,H4,macd_breakout,macd_breakout,long,context_incomplete,missing_context,2,below_min_quality,4,would_skip_context_only,setup_quality_below_min_auto_quality_4,,,199.996,204.143,206.500052,False,False,False,False,artifacts\tfg\trading_center_latest\market_radar\market_radar.csv|artifacts\tfg\trading_center_latest\ohlc\ohlc_mtf.csv|artifacts\tfg\trading_center_latest\weavecount\weavecount_screener.csv|artifacts\tfg\trading_center_latest\macd_breakout_watcher\snapshot.csv|artifacts\tfg\trading_center_latest\macd_breakout_enrichment\macd_breakout_enriched_setups.csv|artifacts\tfg\trading_center_latest\macd_breakout_enrichment\macd_breakout_chart_layers.csv|artifacts\tfg\trading_center_latest\fibonacci_context\fibonacci_context.csv,True,False,False
117402c62e400544,trading_center_screener_unified_v1|EURNZD.r|H4|macd_breakout|142,EURNZD.r,Forex Majors,H4,macd_breakout,macd_breakout,short,context_incomplete,missing_context,2,below_min_quality,4,would_skip_context_only,setup_quality_below_min_auto_quality_4,,,1.99221,1.94377,1.91521222,False,False,False,False,artifacts\tfg\trading_center_latest\market_radar\market_radar.csv|artifacts\tfg\trading_center_latest\ohlc\ohlc_mtf.csv|artifacts\tfg\trading_center_latest\weavecount\weavecount_screener.csv|artifacts\tfg\trading_center_latest\macd_breakout_watcher\snapshot.csv|artifacts\tfg\trading_center_latest\macd_breakout_enrichment\macd_breakout_enriched_setups.csv|artifacts\tfg\trading_center_latest\macd_breakout_enrichment\macd_breakout_chart_layers.csv|artifacts\tfg\trading_center_latest\fibonacci_context\fibonacci_context.csv,True,False,False
4a10af40bc708067,trading_center_screener_unified_v1|GBPNZD.r|H4|macd_breakout|140,GBPNZD.r,Forex Majors,H4,macd_breakout,macd_breakout,short,context_incomplete,missing_context,2,below_min_quality,4,would_skip_context_only,setup_quality_below_min_auto_quality_4,,,2.30583,2.24303,2.2059314600000004,False,False,False,False,artifacts\tfg\trading_center_latest\market_radar\market_radar.csv|artifacts\tfg\trading_center_latest\ohlc\ohlc_mtf.csv|artifacts\tfg\trading_center_latest\weavecount\weavecount_screener.csv|artifacts\tfg\trading_center_latest\macd_breakout_watcher\snapshot.csv|artifacts\tfg\trading_center_latest\macd_breakout_enrichment\macd_breakout_enriched_setups.csv|artifacts\tfg\trading_center_latest\macd_breakout_enrichment\macd_breakout_chart_layers.csv|artifacts\tfg\trading_center_latest\fibonacci_context\fibonacci_context.csv,True,False,False
5eabc3997c8a5750,trading_center_screener_unified_v1|NZDCAD.r|H1|macd_breakout|557,NZDCAD.r,Forex Majors,H1,macd_breakout,macd_breakout,short,context_incomplete,missing_context,2,below_min_quality,4,would_skip_context_only,setup_quality_below_min_auto_quality_4,,,0.81755,0.8011900000000001,0.7938728800000001,False,False,False,False,artifacts\tfg\trading_center_latest\market_radar\market_radar.csv|artifacts\tfg\trading_center_latest\ohlc\ohlc_mtf.csv|artifacts\tfg\trading_center_latest\weavecount\weavecount_screener.csv|artifacts\tfg\trading_center_latest\macd_breakout_watcher\snapshot.csv|artifacts\tfg\trading_center_latest\macd_breakout_enrichment\macd_breakout_enriched_setups.csv|artifacts\tfg\trading_center_latest\macd_breakout_enrichment\macd_breakout_chart_layers.csv|artifacts\tfg\trading_center_latest\fibonacci_context\fibonacci_context.csv,True,False,False
da94883f21897f84,trading_center_screener_unified_v1|NZDCAD.r|H4|macd_breakout|137,NZDCAD.r,Forex Majors,H4,macd_breakout,macd_breakout,long,context_incomplete,missing_context,2,below_min_quality,4,would_skip_context_only,setup_quality_below_min_auto_quality_4,,,0.80083,0.8296,0.8454208,False,False,False,False,artifacts\tfg\trading_center_latest\market_radar\market_radar.csv|artifacts\tfg\trading_center_latest\ohlc\ohlc_mtf.csv|artifacts\tfg\trading_center_latest\weavecount\weavecount_screener.csv|artifacts\tfg\trading_center_latest\macd_breakout_watcher\snapshot.csv|artifacts\tfg\trading_center_latest\macd_breakout_enrichment\macd_breakout_enriched_setups.csv|artifacts\tfg\trading_center_latest\macd_breakout_enrichment\macd_breakout_chart_layers.csv|artifacts\tfg\trading_center_latest\fibonacci_context\fibonacci_context.csv,True,False,False
2509d19a3cb71acd,trading_center_screener_unified_v1|NZDCHF.r|H1|macd_breakout|559,NZDCHF.r,Forex Majors,H1,macd_breakout,macd_breakout,short,context_incomplete,missing_context,2,below_min_quality,4,would_skip_context_only,setup_quality_below_min_auto_quality_4,,,0.46798,0.45689,0.45216848,False,False,False,False,artifacts\tfg\trading_center_latest\market_radar\market_radar.csv|artifacts\tfg\trading_center_latest\ohlc\ohlc_mtf.csv|artifacts\tfg\trading_center_latest\weavecount\weavecount_screener.csv|artifacts\tfg\trading_center_latest\macd_breakout_watcher\snapshot.csv|artifacts\tfg\trading_center_latest\macd_breakout_enrichment\macd_breakout_enriched_setups.csv|artifacts\tfg\trading_center_latest\macd_breakout_enrichment\macd_breakout_chart_layers.csv|artifacts\tfg\trading_center_latest\fibonacci_context\fibonacci_context.csv,True,False,False
b09d3a01029ad848,trading_center_screener_unified_v1|NZDJPY.r|H1|macd_breakout|587,NZDJPY.r,Forex Majors,H1,macd_breakout,macd_breakout,short,context_incomplete,missing_context,2,below_min_quality,4,would_skip_context_only,setup_quality_below_min_auto_quality_4,,,94.891,90.539,88.81045400000001,False,False,False,False,artifacts\tfg\trading_center_latest\market_radar\market_radar.csv|artifacts\tfg\trading_center_latest\ohlc\ohlc_mtf.csv|artifacts\tfg\trading_center_latest\weavecount\weavecount_screener.csv|artifacts\tfg\trading_center_latest\macd_breakout_watcher\snapshot.csv|artifacts\tfg\trading_center_latest\macd_breakout_enrichment\macd_breakout_enriched_setups.csv|artifacts\tfg\trading_center_latest\macd_breakout_enrichment\macd_breakout_chart_layers.csv|artifacts\tfg\trading_center_latest\fibonacci_context\fibonacci_context.csv,True,False,False
d30162405c3224cd,trading_center_screener_unified_v1|NZDUSD.r|H1|macd_breakout|602,NZDUSD.r,Forex Majors,H1,macd_breakout,macd_breakout,short,context_incomplete,missing_context,2,below_min_quality,4,would_skip_context_only,setup_quality_below_min_auto_quality_4,,,0.58852,0.57307,0.5665191999999999,False,False,False,False,artifacts\tfg\trading_center_latest\market_radar\market_radar.csv|artifacts\tfg\trading_center_latest\ohlc\ohlc_mtf.csv|artifacts\tfg\trading_center_latest\weavecount\weavecount_screener.csv|artifacts\tfg\trading_center_latest\macd_breakout_watcher\snapshot.csv|artifacts\tfg\trading_center_latest\macd_breakout_enrichment\macd_breakout_enriched_setups.csv|artifacts\tfg\trading_center_latest\macd_breakout_enrichment\macd_breakout_chart_layers.csv|artifacts\tfg\trading_center_latest\fibonacci_context\fibonacci_context.csv,True,False,False
eccef6626ffc74b2,trading_center_screener_unified_v1|XAUUSD.r|H1|macd_breakout|758,XAUUSD.r,Metals,H1,macd_breakout,macd_breakout,short,context_incomplete,missing_context,2,below_min_quality,4,would_skip_context_only,setup_quality_below_min_auto_quality_4,,,4511.5,4152.089999999999,4040.133119999999,False,False,False,False,artifacts\tfg\trading_center_latest\market_radar\market_radar.csv|artifacts\tfg\trading_center_latest\ohlc\ohlc_mtf.csv|artifacts\tfg\trading_center_latest\weavecount\weavecount_screener.csv|artifacts\tfg\trading_center_latest\macd_breakout_watcher\snapshot.csv|artifacts\tfg\trading_center_latest\macd_breakout_enrichment\macd_breakout_enriched_setups.csv|artifacts\tfg\trading_center_latest\macd_breakout_enrichment\macd_breakout_chart_layers.csv|artifacts\tfg\trading_center_latest\fibonacci_context\fibonacci_context.csv,True,False,False
b2d3e737e02c935e,trading_center_screener_unified_v1|UK100|H1|macd_breakout|581,UK100,Index,H1,macd_breakout,macd_breakout,long,invalidated_context,invalidated,1,below_min_quality,4,would_skip_context_only,setup_quality_below_min_auto_quality_4,,,10310.45,10367.9,10410.233,False,False,False,False,artifacts\tfg\trading_center_latest\market_radar\market_radar.csv|artifacts\tfg\trading_center_latest\ohlc\ohlc_mtf.csv|artifacts\tfg\trading_center_latest\weavecount\weavecount_screener.csv|artifacts\tfg\trading_center_latest\macd_breakout_watcher\snapshot.csv|artifacts\tfg\trading_center_latest\macd_breakout_enrichment\macd_breakout_enriched_setups.csv|artifacts\tfg\trading_center_latest\macd_breakout_enrichment\macd_breakout_chart_layers.csv|artifacts\tfg\trading_center_latest\fibonacci_context\fibonacci_context.csv,True,False,False
4dd85c14af41be25,trading_center_screener_unified_v1|CHINA50|H1|macd_breakout|646,CHINA50,Index,H1,macd_breakout,macd_breakout,short,invalidated_context,invalidated,1,below_min_quality,4,would_skip_context_only,setup_quality_below_min_auto_quality_4,,,16221.5,15918.0,15727.347,False,False,False,False,artifacts\tfg\trading_center_latest\market_radar\market_radar.csv|artifacts\tfg\trading_center_latest\ohlc\ohlc_mtf.csv|artifacts\tfg\trading_center_latest\weavecount\weavecount_screener.csv|artifacts\tfg\trading_center_latest\macd_breakout_watcher\snapshot.csv|artifacts\tfg\trading_center_latest\macd_breakout_enrichment\macd_breakout_enriched_setups.csv|artifacts\tfg\trading_center_latest\macd_breakout_enrichment\macd_breakout_chart_layers.csv|artifacts\tfg\trading_center_latest\fibonacci_context\fibonacci_context.csv,True,False,False
b42fec23f3305246,trading_center_screener_unified_v1|CHINA50|H4|macd_breakout|198,CHINA50,Index,H4,macd_breakout,macd_breakout,short,invalidated_context,invalidated,1,below_min_quality,4,would_skip_context_only,setup_quality_below_min_auto_quality_4,,,16221.5,15943.0,15767.797,False,False,False,False,artifacts\tfg\trading_center_latest\market_radar\market_radar.csv|artifacts\tfg\trading_center_latest\ohlc\ohlc_mtf.csv|artifacts\tfg\trading_center_latest\weavecount\weavecount_screener.csv|artifacts\tfg\trading_center_latest\macd_breakout_watcher\snapshot.csv|artifacts\tfg\trading_center_latest\macd_breakout_enrichment\macd_breakout_enriched_setups.csv|artifacts\tfg\trading_center_latest\macd_breakout_enrichment\macd_breakout_chart_layers.csv|artifacts\tfg\trading_center_latest\fibonacci_context\fibonacci_context.csv,True,False,False
ff6f66ea7d39364e,trading_center_screener_unified_v1|EURCHF.r|H1|macd_breakout|359,EURCHF.r,Forex Majors,H1,macd_breakout,macd_breakout,long,invalidated_context,invalidated,1,below_min_quality,4,would_skip_context_only,setup_quality_below_min_auto_quality_4,,,0.90944,0.91524,0.9195351,False,False,False,False,artifacts\tfg\trading_center_latest\market_radar\market_radar.csv|artifacts\tfg\trading_center_latest\ohlc\ohlc_mtf.csv|artifacts\tfg\trading_center_latest\weavecount\weavecount_screener.csv|artifacts\tfg\trading_center_latest\macd_breakout_watcher\snapshot.csv|artifacts\tfg\trading_center_latest\macd_breakout_enrichment\macd_breakout_enriched_setups.csv|artifacts\tfg\trading_center_latest\macd_breakout_enrichment\macd_breakout_chart_layers.csv|artifacts\tfg\trading_center_latest\fibonacci_context\fibonacci_context.csv,True,False,False
4a606b9365d5bac6,trading_center_screener_unified_v1|EURCHF.r|H4|macd_breakout|151,EURCHF.r,Forex Majors,H4,macd_breakout,macd_breakout,long,invalidated_context,invalidated,1,below_min_quality,4,would_skip_context_only,setup_quality_below_min_auto_quality_4,,,0.90944,0.91506,0.91924386,False,False,False,False,artifacts\tfg\trading_center_latest\market_radar\market_radar.csv|artifacts\tfg\trading_center_latest\ohlc\ohlc_mtf.csv|artifacts\tfg\trading_center_latest\weavecount\weavecount_screener.csv|artifacts\tfg\trading_center_latest\macd_breakout_watcher\snapshot.csv|artifacts\tfg\trading_center_latest\macd_breakout_enrichment\macd_breakout_enriched_setups.csv|artifacts\tfg\trading_center_latest\macd_breakout_enrichment\macd_breakout_chart_layers.csv|artifacts\tfg\trading_center_latest\fibonacci_context\fibonacci_context.csv,True,False,False
78702901f17b81bd,trading_center_screener_unified_v1|EURJPY.r|H1|macd_breakout|1664,EURJPY.r,Forex Majors,H1,macd_breakout,macd_breakout,short,invalidated_context,invalidated,1,below_min_quality,4,would_skip_context_only,setup_quality_below_min_auto_quality_4,,,186.151,185.337,184.80243,False,False,False,False,artifacts\tfg\trading_center_latest\market_radar\market_radar.csv|artifacts\tfg\trading_center_latest\ohlc\ohlc_mtf.csv|artifacts\tfg\trading_center_latest\weavecount\weavecount_screener.csv|artifacts\tfg\trading_center_latest\macd_breakout_watcher\snapshot.csv|artifacts\tfg\trading_center_latest\macd_breakout_enrichment\macd_breakout_enriched_setups.csv|artifacts\tfg\trading_center_latest\macd_breakout_enrichment\macd_breakout_chart_layers.csv|artifacts\tfg\trading_center_latest\fibonacci_context\fibonacci_context.csv,True,False,False
2cedca21dbe83e09,trading_center_screener_unified_v1|EURJPY.r|H4|macd_breakout|742,EURJPY.r,Forex Majors,H4,macd_breakout,macd_breakout,short,invalidated_context,invalidated,1,below_min_quality,4,would_skip_context_only,setup_quality_below_min_auto_quality_4,,,186.151,181.319,178.30130599999998,False,False,False,False,artifacts\tfg\trading_center_latest\market_radar\market_radar.csv|artifacts\tfg\trading_center_latest\ohlc\ohlc_mtf.csv|artifacts\tfg\trading_center_latest\weavecount\weavecount_screener.csv|artifacts\tfg\trading_center_latest\macd_breakout_watcher\snapshot.csv|artifacts\tfg\trading_center_latest\macd_breakout_enrichment\macd_breakout_enriched_setups.csv|artifacts\tfg\trading_center_latest\macd_breakout_enrichment\macd_breakout_chart_layers.csv|artifacts\tfg\trading_center_latest\fibonacci_context\fibonacci_context.csv,True,False,False
a442becc5cceca34,trading_center_screener_unified_v1|EURO50|H1|macd_breakout|657,EURO50,Index,H1,macd_breakout,macd_breakout,long,invalidated_context,invalidated,1,below_min_quality,4,would_skip_context_only,setup_quality_below_min_auto_quality_4,,,5976.3,6012.3,6041.3460000000005,False,False,False,False,artifacts\tfg\trading_center_latest\market_radar\market_radar.csv|artifacts\tfg\trading_center_latest\ohlc\ohlc_mtf.csv|artifacts\tfg\trading_center_latest\weavecount\weavecount_screener.csv|artifacts\tfg\trading_center_latest\macd_breakout_watcher\snapshot.csv|artifacts\tfg\trading_center_latest\macd_breakout_enrichment\macd_breakout_enriched_setups.csv|artifacts\tfg\trading_center_latest\macd_breakout_enrichment\macd_breakout_chart_layers.csv|artifacts\tfg\trading_center_latest\fibonacci_context\fibonacci_context.csv,True,False,False
9ee2c17b53b466e4,trading_center_screener_unified_v1|FRA40|H4|macd_breakout|200,FRA40,Index,H4,macd_breakout,macd_breakout,short,invalidated_context,invalidated,1,below_min_quality,4,would_skip_context_only,setup_quality_below_min_auto_quality_4,,,8269.1,8159.85,8075.4003,False,False,False,False,artifacts\tfg\trading_center_latest\market_radar\market_radar.csv|artifacts\tfg\trading_center_latest\ohlc\ohlc_mtf.csv|artifacts\tfg\trading_center_latest\weavecount\weavecount_screener.csv|artifacts\tfg\trading_center_latest\macd_breakout_watcher\snapshot.csv|artifacts\tfg\trading_center_latest\macd_breakout_enrichment\macd_breakout_enriched_setups.csv|artifacts\tfg\trading_center_latest\macd_breakout_enrichment\macd_breakout_chart_layers.csv|artifacts\tfg\trading_center_latest\fibonacci_context\fibonacci_context.csv,True,False,False
17078291b3401738,trading_center_screener_unified_v1|GBPCHF.r|H1|macd_breakout|512,GBPCHF.r,Forex Majors,H1,macd_breakout,macd_breakout,long,invalidated_context,invalidated,1,below_min_quality,4,would_skip_context_only,setup_quality_below_min_auto_quality_4,,,1.05352,1.05765,1.06020234,False,False,False,False,artifacts\tfg\trading_center_latest\market_radar\market_radar.csv|artifacts\tfg\trading_center_latest\ohlc\ohlc_mtf.csv|artifacts\tfg\trading_center_latest\weavecount\weavecount_screener.csv|artifacts\tfg\trading_center_latest\macd_breakout_watcher\snapshot.csv|artifacts\tfg\trading_center_latest\macd_breakout_enrichment\macd_breakout_enriched_setups.csv|artifacts\tfg\trading_center_latest\macd_breakout_enrichment\macd_breakout_chart_layers.csv|artifacts\tfg\trading_center_latest\fibonacci_context\fibonacci_context.csv,True,False,False
0de540ef17ebd887,trading_center_screener_unified_v1|GBPUSD.r|H1|macd_breakout|613,GBPUSD.r,Forex Majors,H1,macd_breakout,macd_breakout,short,invalidated_context,invalidated,1,below_min_quality,4,would_skip_context_only,setup_quality_below_min_auto_quality_4,,,1.34741,1.34168,1.33761974,False,False,False,False,artifacts\tfg\trading_center_latest\market_radar\market_radar.csv|artifacts\tfg\trading_center_latest\ohlc\ohlc_mtf.csv|artifacts\tfg\trading_center_latest\weavecount\weavecount_screener.csv|artifacts\tfg\trading_center_latest\macd_breakout_watcher\snapshot.csv|artifacts\tfg\trading_center_latest\macd_breakout_enrichment\macd_breakout_enriched_setups.csv|artifacts\tfg\trading_center_latest\macd_breakout_enrichment\macd_breakout_chart_layers.csv|artifacts\tfg\trading_center_latest\fibonacci_context\fibonacci_context.csv,True,False,False
60cd830fa0e7a18a,trading_center_screener_unified_v1|GER40|H1|macd_breakout|528,GER40,Index,H1,macd_breakout,macd_breakout,long,invalidated_context,invalidated,1,below_min_quality,4,would_skip_context_only,setup_quality_below_min_auto_quality_4,,,24385.45,24556.25,24690.1088,False,False,False,False,artifacts\tfg\trading_center_latest\market_radar\market_radar.csv|artifacts\tfg\trading_center_latest\ohlc\ohlc_mtf.csv|artifacts\tfg\trading_center_latest\weavecount\weavecount_screener.csv|artifacts\tfg\trading_center_latest\macd_breakout_watcher\snapshot.csv|artifacts\tfg\trading_center_latest\macd_breakout_enrichment\macd_breakout_enriched_setups.csv|artifacts\tfg\trading_center_latest\macd_breakout_enrichment\macd_breakout_chart_layers.csv|artifacts\tfg\trading_center_latest\fibonacci_context\fibonacci_context.csv,True,False,False
d52b58e70b75396e,trading_center_screener_unified_v1|HK50|H4|macd_breakout|225,HK50,Index,H4,macd_breakout,macd_breakout,short,invalidated_context,invalidated,1,below_min_quality,4,would_skip_context_only,setup_quality_below_min_auto_quality_4,,,26021.0,23851.0,22479.658,False,False,False,False,artifacts\tfg\trading_center_latest\market_radar\market_radar.csv|artifacts\tfg\trading_center_latest\ohlc\ohlc_mtf.csv|artifacts\tfg\trading_center_latest\weavecount\weavecount_screener.csv|artifacts\tfg\trading_center_latest\macd_breakout_watcher\snapshot.csv|artifacts\tfg\trading_center_latest\macd_breakout_enrichment\macd_breakout_enriched_setups.csv|artifacts\tfg\trading_center_latest\macd_breakout_enrichment\macd_breakout_chart_layers.csv|artifacts\tfg\trading_center_latest\fibonacci_context\fibonacci_context.csv,True,False,False
c2d065a332667750,trading_center_screener_unified_v1|JP225|H1|macd_breakout|842,JP225,Index,H1,macd_breakout,macd_breakout,long,invalidated_context,invalidated,1,below_min_quality,4,would_skip_context_only,setup_quality_below_min_auto_quality_4,,,63752.25,64123.25,64541.018,False,False,False,False,artifacts\tfg\trading_center_latest\market_radar\market_radar.csv|artifacts\tfg\trading_center_latest\ohlc\ohlc_mtf.csv|artifacts\tfg\trading_center_latest\weavecount\weavecount_screener.csv|artifacts\tfg\trading_center_latest\macd_breakout_watcher\snapshot.csv|artifacts\tfg\trading_center_latest\macd_breakout_enrichment\macd_breakout_enriched_setups.csv|artifacts\tfg\trading_center_latest\macd_breakout_enrichment\macd_breakout_chart_layers.csv|artifacts\tfg\trading_center_latest\fibonacci_context\fibonacci_context.csv,True,False,False
4638c19aafb38206,trading_center_screener_unified_v1|JP225|H4|macd_breakout|262,JP225,Index,H4,macd_breakout,macd_breakout,short,invalidated_context,invalidated,1,below_min_quality,4,would_skip_context_only,setup_quality_below_min_auto_quality_4,,,68580.25,67633.25,66908.336,False,False,False,False,artifacts\tfg\trading_center_latest\market_radar\market_radar.csv|artifacts\tfg\trading_center_latest\ohlc\ohlc_mtf.csv|artifacts\tfg\trading_center_latest\weavecount\weavecount_screener.csv|artifacts\tfg\trading_center_latest\macd_breakout_watcher\snapshot.csv|artifacts\tfg\trading_center_latest\macd_breakout_enrichment\macd_breakout_enriched_setups.csv|artifacts\tfg\trading_center_latest\macd_breakout_enrichment\macd_breakout_chart_layers.csv|artifacts\tfg\trading_center_latest\fibonacci_context\fibonacci_context.csv,True,False,False
f6cdcd5c87f2f0e3,trading_center_screener_unified_v1|SPA35|H1|macd_breakout|357,SPA35,Index,H1,macd_breakout,macd_breakout,long,invalidated_context,invalidated,1,below_min_quality,4,would_skip_context_only,setup_quality_below_min_auto_quality_4,,,18172.0,18420.7,18624.454599999997,False,False,False,False,artifacts\tfg\trading_center_latest\market_radar\market_radar.csv|artifacts\tfg\trading_center_latest\ohlc\ohlc_mtf.csv|artifacts\tfg\trading_center_latest\weavecount\weavecount_screener.csv|artifacts\tfg\trading_center_latest\macd_breakout_watcher\snapshot.csv|artifacts\tfg\trading_center_latest\macd_breakout_enrichment\macd_breakout_enriched_setups.csv|artifacts\tfg\trading_center_latest\macd_breakout_enrichment\macd_breakout_chart_layers.csv|artifacts\tfg\trading_center_latest\fibonacci_context\fibonacci_context.csv,True,False,False
47e613a7c1ac2666,trading_center_screener_unified_v1|US100|H4|macd_breakout|225,US100,Index,H4,macd_breakout,macd_breakout,short,invalidated_context,invalidated,1,below_min_quality,4,would_skip_context_only,setup_quality_below_min_auto_quality_4,,,30728.07,29972.9,29465.058500000003,False,False,False,False,artifacts\tfg\trading_center_latest\market_radar\market_radar.csv|artifacts\tfg\trading_center_latest\ohlc\ohlc_mtf.csv|artifacts\tfg\trading_center_latest\weavecount\weavecount_screener.csv|artifacts\tfg\trading_center_latest\macd_breakout_watcher\snapshot.csv|artifacts\tfg\trading_center_latest\macd_breakout_enrichment\macd_breakout_enriched_setups.csv|artifacts\tfg\trading_center_latest\macd_breakout_enrichment\macd_breakout_chart_layers.csv|artifacts\tfg\trading_center_latest\fibonacci_context\fibonacci_context.csv,True,False,False
1ae0f32d7fb6ed2b,trading_center_screener_unified_v1|US30|H1|macd_breakout|687,US30,Index,H1,macd_breakout,macd_breakout,long,invalidated_context,invalidated,1,below_min_quality,4,would_skip_context_only,setup_quality_below_min_auto_quality_4,,,50726.3,51634.3,52246.3672,False,False,False,False,artifacts\tfg\trading_center_latest\market_radar\market_radar.csv|artifacts\tfg\trading_center_latest\ohlc\ohlc_mtf.csv|artifacts\tfg\trading_center_latest\weavecount\weavecount_screener.csv|artifacts\tfg\trading_center_latest\macd_breakout_watcher\snapshot.csv|artifacts\tfg\trading_center_latest\macd_breakout_enrichment\macd_breakout_enriched_setups.csv|artifacts\tfg\trading_center_latest\macd_breakout_enrichment\macd_breakout_chart_layers.csv|artifacts\tfg\trading_center_latest\fibonacci_context\fibonacci_context.csv,True,False,False
ec0766dd9d2d5226,trading_center_screener_unified_v1|US30|H4|macd_breakout|212,US30,Index,H4,macd_breakout,macd_breakout,short,invalidated_context,invalidated,1,below_min_quality,4,would_skip_context_only,setup_quality_below_min_auto_quality_4,,,51703.3,51167.8,50754.976,False,False,False,False,artifacts\tfg\trading_center_latest\market_radar\market_radar.csv|artifacts\tfg\trading_center_latest\ohlc\ohlc_mtf.csv|artifacts\tfg\trading_center_latest\weavecount\weavecount_screener.csv|artifacts\tfg\trading_center_latest\macd_breakout_watcher\snapshot.csv|artifacts\tfg\trading_center_latest\macd_breakout_enrichment\macd_breakout_enriched_setups.csv|artifacts\tfg\trading_center_latest\macd_breakout_enrichment\macd_breakout_chart_layers.csv|artifacts\tfg\trading_center_latest\fibonacci_context\fibonacci_context.csv,True,False,False
e965204206b165c2,trading_center_screener_unified_v1|US500|H4|macd_breakout|220,US500,Index,H4,macd_breakout,macd_breakout,short,invalidated_context,invalidated,1,below_min_quality,4,would_skip_context_only,setup_quality_below_min_auto_quality_4,,,7626.1,7474.38,7378.29954,False,False,False,False,artifacts\tfg\trading_center_latest\market_radar\market_radar.csv|artifacts\tfg\trading_center_latest\ohlc\ohlc_mtf.csv|artifacts\tfg\trading_center_latest\weavecount\weavecount_screener.csv|artifacts\tfg\trading_center_latest\macd_breakout_watcher\snapshot.csv|artifacts\tfg\trading_center_latest\macd_breakout_enrichment\macd_breakout_enriched_setups.csv|artifacts\tfg\trading_center_latest\macd_breakout_enrichment\macd_breakout_chart_layers.csv|artifacts\tfg\trading_center_latest\fibonacci_context\fibonacci_context.csv,True,False,False
a6e84507224d8b20,trading_center_screener_unified_v1|AUDJPY.r|H4|macd_breakout|170,AUDJPY.r,Forex Majors,H4,macd_breakout,macd_breakout,short,invalidated_context,invalidated,1,below_min_quality,4,would_skip_context_only,setup_quality_below_min_auto_quality_4,,,114.85,113.072,111.934262,False,False,False,False,artifacts\tfg\trading_center_latest\market_radar\market_radar.csv|artifacts\tfg\trading_center_latest\ohlc\ohlc_mtf.csv|artifacts\tfg\trading_center_latest\weavecount\weavecount_screener.csv|artifacts\tfg\trading_center_latest\macd_breakout_watcher\snapshot.csv|artifacts\tfg\trading_center_latest\macd_breakout_enrichment\macd_breakout_enriched_setups.csv|artifacts\tfg\trading_center_latest\macd_breakout_enrichment\macd_breakout_chart_layers.csv|artifacts\tfg\trading_center_latest\fibonacci_context\fibonacci_context.csv,True,False,False
da2106140c18e534,trading_center_screener_unified_v1|AUDUSD.r|H4|macd_breakout|164,AUDUSD.r,Forex Majors,H4,macd_breakout,macd_breakout,short,invalidated_context,invalidated,1,below_min_quality,4,would_skip_context_only,setup_quality_below_min_auto_quality_4,,,0.71888,0.71291,0.7085036600000001,False,False,False,False,artifacts\tfg\trading_center_latest\market_radar\market_radar.csv|artifacts\tfg\trading_center_latest\ohlc\ohlc_mtf.csv|artifacts\tfg\trading_center_latest\weavecount\weavecount_screener.csv|artifacts\tfg\trading_center_latest\macd_breakout_watcher\snapshot.csv|artifacts\tfg\trading_center_latest\macd_breakout_enrichment\macd_breakout_enriched_setups.csv|artifacts\tfg\trading_center_latest\macd_breakout_enrichment\macd_breakout_chart_layers.csv|artifacts\tfg\trading_center_latest\fibonacci_context\fibonacci_context.csv,True,False,False
80f2bb5baf729289,trading_center_screener_unified_v1|AUS200|H1|macd_breakout|1422,AUS200,Index,H1,macd_breakout,macd_breakout,long,invalidated_context,invalidated,1,below_min_quality,4,would_skip_context_only,setup_quality_below_min_auto_quality_4,,,8498.95,8547.85,8583.694,False,False,False,False,artifacts\tfg\trading_center_latest\market_radar\market_radar.csv|artifacts\tfg\trading_center_latest\ohlc\ohlc_mtf.csv|artifacts\tfg\trading_center_latest\weavecount\weavecount_screener.csv|artifacts\tfg\trading_center_latest\macd_breakout_watcher\snapshot.csv|artifacts\tfg\trading_center_latest\macd_breakout_enrichment\macd_breakout_enriched_setups.csv|artifacts\tfg\trading_center_latest\macd_breakout_enrichment\macd_breakout_chart_layers.csv|artifacts\tfg\trading_center_latest\fibonacci_context\fibonacci_context.csv,True,False,False
ee8dc863800b683e,trading_center_screener_unified_v1|AUS200|H4|macd_breakout|408,AUS200,Index,H4,macd_breakout,macd_breakout,short,invalidated_context,invalidated,1,below_min_quality,4,would_skip_context_only,setup_quality_below_min_auto_quality_4,,,8807.35,8699.35,8627.662,False,False,False,False,artifacts\tfg\trading_center_latest\market_radar\market_radar.csv|artifacts\tfg\trading_center_latest\ohlc\ohlc_mtf.csv|artifacts\tfg\trading_center_latest\weavecount\weavecount_screener.csv|artifacts\tfg\trading_center_latest\macd_breakout_watcher\snapshot.csv|artifacts\tfg\trading_center_latest\macd_breakout_enrichment\macd_breakout_enriched_setups.csv|artifacts\tfg\trading_center_latest\macd_breakout_enrichment\macd_breakout_chart_layers.csv|artifacts\tfg\trading_center_latest\fibonacci_context\fibonacci_context.csv,True,False,False
9602f4fa5dfb57db,trading_center_screener_unified_v1|CADCHF.r|H1|macd_breakout|563,CADCHF.r,Forex Majors,H1,macd_breakout,macd_breakout,long,invalidated_context,invalidated,1,below_min_quality,4,would_skip_context_only,setup_quality_below_min_auto_quality_4,,,0.56653,0.56958,0.57158232,False,False,False,False,artifacts\tfg\trading_center_latest\market_radar\market_radar.csv|artifacts\tfg\trading_center_latest\ohlc\ohlc_mtf.csv|artifacts\tfg\trading_center_latest\weavecount\weavecount_screener.csv|artifacts\tfg\trading_center_latest\macd_breakout_watcher\snapshot.csv|artifacts\tfg\trading_center_latest\macd_breakout_enrichment\macd_breakout_enriched_setups.csv|artifacts\tfg\trading_center_latest\macd_breakout_enrichment\macd_breakout_chart_layers.csv|artifacts\tfg\trading_center_latest\fibonacci_context\fibonacci_context.csv,True,False,False
aad4649437a418ba,trading_center_screener_unified_v1|CADCHF.r|H4|macd_breakout|133,CADCHF.r,Forex Majors,H4,macd_breakout,macd_breakout,long,invalidated_context,invalidated,1,below_min_quality,4,would_skip_context_only,setup_quality_below_min_auto_quality_4,,,0.56484,0.57313,0.57837682,False,False,False,False,artifacts\tfg\trading_center_latest\market_radar\market_radar.csv|artifacts\tfg\trading_center_latest\ohlc\ohlc_mtf.csv|artifacts\tfg\trading_center_latest\weavecount\weavecount_screener.csv|artifacts\tfg\trading_center_latest\macd_breakout_watcher\snapshot.csv|artifacts\tfg\trading_center_latest\macd_breakout_enrichment\macd_breakout_enriched_setups.csv|artifacts\tfg\trading_center_latest\macd_breakout_enrichment\macd_breakout_chart_layers.csv|artifacts\tfg\trading_center_latest\fibonacci_context\fibonacci_context.csv,True,False,False
87623536ecdea0e1,trading_center_screener_unified_v1|EURAUD.r|H1|macd_breakout|1814,EURAUD.r,Forex Majors,H1,macd_breakout,macd_breakout,long,invalidated_context,invalidated,1,below_min_quality,4,would_skip_context_only,setup_quality_below_min_auto_quality_4,,,1.61902,1.62413,1.62804812,False,False,False,False,artifacts\tfg\trading_center_latest\market_radar\market_radar.csv|artifacts\tfg\trading_center_latest\ohlc\ohlc_mtf.csv|artifacts\tfg\trading_center_latest\weavecount\weavecount_screener.csv|artifacts\tfg\trading_center_latest\macd_breakout_watcher\snapshot.csv|artifacts\tfg\trading_center_latest\macd_breakout_enrichment\macd_breakout_enriched_setups.csv|artifacts\tfg\trading_center_latest\macd_breakout_enrichment\macd_breakout_chart_layers.csv|artifacts\tfg\trading_center_latest\fibonacci_context\fibonacci_context.csv,True,False,False
023b39e08e265eb5,trading_center_screener_unified_v1|EURNZD.r|H1|macd_breakout|534,EURNZD.r,Forex Majors,H1,macd_breakout,macd_breakout,short,invalidated_context,invalidated,1,below_min_quality,4,would_skip_context_only,setup_quality_below_min_auto_quality_4,,,1.98974,1.95987,1.94126202,False,False,False,False,artifacts\tfg\trading_center_latest\market_radar\market_radar.csv|artifacts\tfg\trading_center_latest\ohlc\ohlc_mtf.csv|artifacts\tfg\trading_center_latest\weavecount\weavecount_screener.csv|artifacts\tfg\trading_center_latest\macd_breakout_watcher\snapshot.csv|artifacts\tfg\trading_center_latest\macd_breakout_enrichment\macd_breakout_enriched_setups.csv|artifacts\tfg\trading_center_latest\macd_breakout_enrichment\macd_breakout_chart_layers.csv|artifacts\tfg\trading_center_latest\fibonacci_context\fibonacci_context.csv,True,False,False
6ac227aa251a198f,trading_center_screener_unified_v1|GBPJPY.r|H1|macd_breakout|633,GBPJPY.r,Forex Majors,H1,macd_breakout,macd_breakout,short,invalidated_context,invalidated,1,below_min_quality,4,would_skip_context_only,setup_quality_below_min_auto_quality_4,,,215.465,214.723,214.177924,False,False,False,False,artifacts\tfg\trading_center_latest\market_radar\market_radar.csv|artifacts\tfg\trading_center_latest\ohlc\ohlc_mtf.csv|artifacts\tfg\trading_center_latest\weavecount\weavecount_screener.csv|artifacts\tfg\trading_center_latest\macd_breakout_watcher\snapshot.csv|artifacts\tfg\trading_center_latest\macd_breakout_enrichment\macd_breakout_enriched_setups.csv|artifacts\tfg\trading_center_latest\macd_breakout_enrichment\macd_breakout_chart_layers.csv|artifacts\tfg\trading_center_latest\fibonacci_context\fibonacci_context.csv,True,False,False
8da9b57c425b2776,trading_center_screener_unified_v1|GBPJPY.r|H4|macd_breakout|166,GBPJPY.r,Forex Majors,H4,macd_breakout,macd_breakout,short,invalidated_context,invalidated,1,below_min_quality,4,would_skip_context_only,setup_quality_below_min_auto_quality_4,,,215.367,212.286,210.234858,False,False,False,False,artifacts\tfg\trading_center_latest\market_radar\market_radar.csv|artifacts\tfg\trading_center_latest\ohlc\ohlc_mtf.csv|artifacts\tfg\trading_center_latest\weavecount\weavecount_screener.csv|artifacts\tfg\trading_center_latest\macd_breakout_watcher\snapshot.csv|artifacts\tfg\trading_center_latest\macd_breakout_enrichment\macd_breakout_enriched_setups.csv|artifacts\tfg\trading_center_latest\macd_breakout_enrichment\macd_breakout_chart_layers.csv|artifacts\tfg\trading_center_latest\fibonacci_context\fibonacci_context.csv,True,False,False
39e18ab8d5bf2ca9,trading_center_screener_unified_v1|GBPNZD.r|H1|macd_breakout|530,GBPNZD.r,Forex Majors,H1,macd_breakout,macd_breakout,short,invalidated_context,invalidated,1,below_min_quality,4,would_skip_context_only,setup_quality_below_min_auto_quality_4,,,2.30265,2.26849,2.24712574,False,False,False,False,artifacts\tfg\trading_center_latest\market_radar\market_radar.csv|artifacts\tfg\trading_center_latest\ohlc\ohlc_mtf.csv|artifacts\tfg\trading_center_latest\weavecount\weavecount_screener.csv|artifacts\tfg\trading_center_latest\macd_breakout_watcher\snapshot.csv|artifacts\tfg\trading_center_latest\macd_breakout_enrichment\macd_breakout_enriched_setups.csv|artifacts\tfg\trading_center_latest\macd_breakout_enrichment\macd_breakout_chart_layers.csv|artifacts\tfg\trading_center_latest\fibonacci_context\fibonacci_context.csv,True,False,False
36fb5278266b2532,trading_center_screener_unified_v1|NZDCHF.r|H4|macd_breakout|139,NZDCHF.r,Forex Majors,H4,macd_breakout,macd_breakout,short,invalidated_context,invalidated,1,below_min_quality,4,would_skip_context_only,setup_quality_below_min_auto_quality_4,,,0.46792,0.46164,0.4574376,False,False,False,False,artifacts\tfg\trading_center_latest\market_radar\market_radar.csv|artifacts\tfg\trading_center_latest\ohlc\ohlc_mtf.csv|artifacts\tfg\trading_center_latest\weavecount\weavecount_screener.csv|artifacts\tfg\trading_center_latest\macd_breakout_watcher\snapshot.csv|artifacts\tfg\trading_center_latest\macd_breakout_enrichment\macd_breakout_enriched_setups.csv|artifacts\tfg\trading_center_latest\macd_breakout_enrichment\macd_breakout_chart_layers.csv|artifacts\tfg\trading_center_latest\fibonacci_context\fibonacci_context.csv,True,False,False
fc6e14e74e91f03d,trading_center_screener_unified_v1|NZDJPY.r|H4|macd_breakout|164,NZDJPY.r,Forex Majors,H4,macd_breakout,macd_breakout,short,invalidated_context,invalidated,1,below_min_quality,4,would_skip_context_only,setup_quality_below_min_auto_quality_4,,,95.343,94.052,93.209666,False,False,False,False,artifacts\tfg\trading_center_latest\market_radar\market_radar.csv|artifacts\tfg\trading_center_latest\ohlc\ohlc_mtf.csv|artifacts\tfg\trading_center_latest\weavecount\weavecount_screener.csv|artifacts\tfg\trading_center_latest\macd_breakout_watcher\snapshot.csv|artifacts\tfg\trading_center_latest\macd_breakout_enrichment\macd_breakout_enriched_setups.csv|artifacts\tfg\trading_center_latest\macd_breakout_enrichment\macd_breakout_chart_layers.csv|artifacts\tfg\trading_center_latest\fibonacci_context\fibonacci_context.csv,True,False,False
629744e170bbfd93,trading_center_screener_unified_v1|NZDUSD.r|H4|macd_breakout|168,NZDUSD.r,Forex Majors,H4,macd_breakout,macd_breakout,short,invalidated_context,invalidated,1,below_min_quality,4,would_skip_context_only,setup_quality_below_min_auto_quality_4,,,0.59895,0.58369,0.5739812200000001,False,False,False,False,artifacts\tfg\trading_center_latest\market_radar\market_radar.csv|artifacts\tfg\trading_center_latest\ohlc\ohlc_mtf.csv|artifacts\tfg\trading_center_latest\weavecount\weavecount_screener.csv|artifacts\tfg\trading_center_latest\macd_breakout_watcher\snapshot.csv|artifacts\tfg\trading_center_latest\macd_breakout_enrichment\macd_breakout_enriched_setups.csv|artifacts\tfg\trading_center_latest\macd_breakout_enrichment\macd_breakout_chart_layers.csv|artifacts\tfg\trading_center_latest\fibonacci_context\fibonacci_context.csv,True,False,False
90ff91eb0832a4d9,trading_center_screener_unified_v1|USDCHF.r|H4|macd_breakout|176,USDCHF.r,Forex Majors,H4,macd_breakout,macd_breakout,long,invalidated_context,invalidated,1,below_min_quality,4,would_skip_context_only,setup_quality_below_min_auto_quality_4,,,0.78006,0.78713,0.79237682,False,False,False,False,artifacts\tfg\trading_center_latest\market_radar\market_radar.csv|artifacts\tfg\trading_center_latest\ohlc\ohlc_mtf.csv|artifacts\tfg\trading_center_latest\weavecount\weavecount_screener.csv|artifacts\tfg\trading_center_latest\macd_breakout_watcher\snapshot.csv|artifacts\tfg\trading_center_latest\macd_breakout_enrichment\macd_breakout_enriched_setups.csv|artifacts\tfg\trading_center_latest\macd_breakout_enrichment\macd_breakout_chart_layers.csv|artifacts\tfg\trading_center_latest\fibonacci_context\fibonacci_context.csv,True,False,False
099cf539ff05d081,trading_center_screener_unified_v1|XAGEUR.r|H1|macd_breakout|649,XAGEUR.r,Metals,H1,macd_breakout,macd_breakout,long,invalidated_context,invalidated,1,below_min_quality,4,would_skip_context_only,setup_quality_below_min_auto_quality_4,,,57.811,58.159,58.638568,False,False,False,False,artifacts\tfg\trading_center_latest\market_radar\market_radar.csv|artifacts\tfg\trading_center_latest\ohlc\ohlc_mtf.csv|artifacts\tfg\trading_center_latest\weavecount\weavecount_screener.csv|artifacts\tfg\trading_center_latest\macd_breakout_watcher\snapshot.csv|artifacts\tfg\trading_center_latest\macd_breakout_enrichment\macd_breakout_enriched_setups.csv|artifacts\tfg\trading_center_latest\macd_breakout_enrichment\macd_breakout_chart_layers.csv|artifacts\tfg\trading_center_latest\fibonacci_context\fibonacci_context.csv,True,False,False
58594ed2a3d26e3d,trading_center_screener_unified_v1|XAGUSD.r|H1|macd_breakout|926,XAGUSD.r,Metals,H1,macd_breakout,macd_breakout,long,invalidated_context,invalidated,1,below_min_quality,4,would_skip_context_only,setup_quality_below_min_auto_quality_4,,,66.592,67.15599999999999,67.78203399999998,False,False,False,False,artifacts\tfg\trading_center_latest\market_radar\market_radar.csv|artifacts\tfg\trading_center_latest\ohlc\ohlc_mtf.csv|artifacts\tfg\trading_center_latest\weavecount\weavecount_screener.csv|artifacts\tfg\trading_center_latest\macd_breakout_watcher\snapshot.csv|artifacts\tfg\trading_center_latest\macd_breakout_enrichment\macd_breakout_enriched_setups.csv|artifacts\tfg\trading_center_latest\macd_breakout_enrichment\macd_breakout_chart_layers.csv|artifacts\tfg\trading_center_latest\fibonacci_context\fibonacci_context.csv,True,False,False
446bf3a64b7f5b39,trading_center_screener_unified_v1|XCUUSD.r|H1|macd_breakout|305,XCUUSD.r,Metals,H1,macd_breakout,macd_breakout,long,invalidated_context,invalidated,1,below_min_quality,4,would_skip_context_only,setup_quality_below_min_auto_quality_4,,,13479.3,13648.249999999998,13756.616299999998,False,False,False,False,artifacts\tfg\trading_center_latest\market_radar\market_radar.csv|artifacts\tfg\trading_center_latest\ohlc\ohlc_mtf.csv|artifacts\tfg\trading_center_latest\weavecount\weavecount_screener.csv|artifacts\tfg\trading_center_latest\macd_breakout_watcher\snapshot.csv|artifacts\tfg\trading_center_latest\macd_breakout_enrichment\macd_breakout_enriched_setups.csv|artifacts\tfg\trading_center_latest\macd_breakout_enrichment\macd_breakout_chart_layers.csv|artifacts\tfg\trading_center_latest\fibonacci_context\fibonacci_context.csv,True,False,False
b53950427ee962d7,trading_center_screener_unified_v1|XCUUSD.r|H4|macd_breakout|139,XCUUSD.r,Metals,H4,macd_breakout,macd_breakout,short,invalidated_context,invalidated,1,below_min_quality,4,would_skip_context_only,setup_quality_below_min_auto_quality_4,,,14021.35,13827.75,13689.1635,False,False,False,False,artifacts\tfg\trading_center_latest\market_radar\market_radar.csv|artifacts\tfg\trading_center_latest\ohlc\ohlc_mtf.csv|artifacts\tfg\trading_center_latest\weavecount\weavecount_screener.csv|artifacts\tfg\trading_center_latest\macd_breakout_watcher\snapshot.csv|artifacts\tfg\trading_center_latest\macd_breakout_enrichment\macd_breakout_enriched_setups.csv|artifacts\tfg\trading_center_latest\macd_breakout_enrichment\macd_breakout_chart_layers.csv|artifacts\tfg\trading_center_latest\fibonacci_context\fibonacci_context.csv,True,False,False
df8d4e3220302acb,trading_center_screener_unified_v1|EURCAD.r|H1|macd_breakout|461,EURCAD.r,Forex Majors,H1,macd_breakout,macd_breakout,short,invalidated_context,invalidated,1,below_min_quality,4,would_skip_context_only,setup_quality_below_min_auto_quality_4,,,1.61734,1.6116700000000002,1.6079311000000005,False,False,False,False,artifacts\tfg\trading_center_latest\market_radar\market_radar.csv|artifacts\tfg\trading_center_latest\ohlc\ohlc_mtf.csv|artifacts\tfg\trading_center_latest\weavecount\weavecount_screener.csv|artifacts\tfg\trading_center_latest\macd_breakout_watcher\snapshot.csv|artifacts\tfg\trading_center_latest\macd_breakout_enrichment\macd_breakout_enriched_setups.csv|artifacts\tfg\trading_center_latest\macd_breakout_enrichment\macd_breakout_chart_layers.csv|artifacts\tfg\trading_center_latest\fibonacci_context\fibonacci_context.csv,True,False,False
2337ab3e6d7777ac,trading_center_screener_unified_v1|EURCAD.r|H4|macd_breakout|148,EURCAD.r,Forex Majors,H4,macd_breakout,macd_breakout,short,invalidated_context,invalidated,1,below_min_quality,4,would_skip_context_only,setup_quality_below_min_auto_quality_4,,,1.61627,1.6008100000000005,1.5903596200000003,False,False,False,False,artifacts\tfg\trading_center_latest\market_radar\market_radar.csv|artifacts\tfg\trading_center_latest\ohlc\ohlc_mtf.csv|artifacts\tfg\trading_center_latest\weavecount\weavecount_screener.csv|artifacts\tfg\trading_center_latest\macd_breakout_watcher\snapshot.csv|artifacts\tfg\trading_center_latest\macd_breakout_enrichment\macd_breakout_enriched_setups.csv|artifacts\tfg\trading_center_latest\macd_breakout_enrichment\macd_breakout_chart_layers.csv|artifacts\tfg\trading_center_latest\fibonacci_context\fibonacci_context.csv,True,False,False
0c9d2368b35576a2,trading_center_screener_unified_v1|XPTUSD|H1|macd_breakout|1199,XPTUSD,Metals,H1,macd_breakout,macd_breakout,long,invalidated_context,invalidated,1,below_min_quality,4,would_skip_context_only,setup_quality_below_min_auto_quality_4,,,1749.61,1765.5500000000002,1782.4770200000005,False,False,False,False,artifacts\tfg\trading_center_latest\market_radar\market_radar.csv|artifacts\tfg\trading_center_latest\ohlc\ohlc_mtf.csv|artifacts\tfg\trading_center_latest\weavecount\weavecount_screener.csv|artifacts\tfg\trading_center_latest\macd_breakout_watcher\snapshot.csv|artifacts\tfg\trading_center_latest\macd_breakout_enrichment\macd_breakout_enriched_setups.csv|artifacts\tfg\trading_center_latest\macd_breakout_enrichment\macd_breakout_chart_layers.csv|artifacts\tfg\trading_center_latest\fibonacci_context\fibonacci_context.csv,True,False,False
